school,count,circuit,address
Harvard University,24,District of Columbia,"Massachusetts Hall, Cambridge, MA 02138"
Yale University,16,District of Columbia,"105 Wall Street, New Haven, CT 06520"
Stanford University,14,District of Columbia,"450 Serra Mall, Stanford, CA 94305-2061"
Duke University,11,District of Columbia,"207 Allen Bldg, Durham, NC 27708"
University of Virginia,9,District of Columbia,"1827 University Avenue, Charlottesville, VA 22904"
Georgetown University,7,District of Columbia,"37th and O St NW, Washington, DC 20057"
University of Chicago,6,District of Columbia,"5801 S Ellis Ave, Chicago, IL 60637"
Columbia University,5,District of Columbia,"535 West 116th Street, New York, NY 10027"
Cornell University,5,District of Columbia,"300 Day Hall, Ithaca, NY 14853"
Randolph-Macon College,4,District of Columbia,"204 Henry Street, Ashland, VA 23005-5505"
University of Michigan,3,District of Columbia,"2074 Fleming Administration Building, Ann Arbor, MI 48109-1340"
University of North Carolina,3,District of Columbia,"103 South Bldg Campus Box 9100, Chapel Hill, NC 27599"
Washington University in St. Louis,3,District of Columbia,"One Brookings Dr, Saint Louis, MO 63130"
Dartmouth College,2,District of Columbia,"207 Parkhurst Hall, Hanover, NH 03755"
Hamilton College,2,District of Columbia,"198 College Hill Rd, Clinton, NY 13323"
Loyola University New Orleans,2,District of Columbia,"6363 Saint Charles Ave, New Orleans, LA 70118-6143"
Princeton University,2,District of Columbia,"One Nassau Hall, Princeton, NJ 08544-0015"
University of Oxford,2,District of Columbia,
Washington and Lee University,2,District of Columbia,"204 West Washington Street, Lexington, VA 24450-2116"
Brigham Young University,1,District of Columbia,"Main Campus, Provo, UT 84602"
Brown University,1,District of Columbia,"1 Prospect St, Providence, RI 02912"
"California State University, Sacramento",1,District of Columbia,"6000 J St, Sacramento, CA 95819-6083"
Central University (now Eastern Kentucky University),1,District of Columbia,"521 Lancaster Ave, Richmond, KY 40475-3102"
Centre College,1,District of Columbia,"600 W Walnut St, Danville, KY 40422-1394"
College of the Holy Cross,1,District of Columbia,"One College Street, 119 Fenwick Hall, Worcester, MA 01610-2395"
Connecticut College,1,District of Columbia,"270 Mohegan Ave, New London, CT 06320"
Creighton University,1,District of Columbia,"2500 California Plaza, Omaha, NE 68178"
Dickinson College,1,District of Columbia,"P. O. Box 1773, Carlisle, PA 17013-2896"
Drexel University,1,District of Columbia,"3141 Chestnut St, Philadelphia, PA 19104"
"Heidelberg University, Germany",1,District of Columbia,
Howard University,1,District of Columbia,"2400 Sixth St NW, Washington, DC 20059-0001"
Mitchell Hamline School of Law,1,District of Columbia,"875 Summit Ave, St Paul, MN 55105"
Northwestern University,1,District of Columbia,"633 Clark St, Evanston, IL 60208"
Radcliffe College,1,District of Columbia,"52 Linnaean St, Cambridge, MA 02138"
Rose-Hulman Institute of Technology,1,District of Columbia,"5500 Wabash Avenue, Terre Haute, IN 47803-3999"
Suffolk University,1,District of Columbia,"73 Tremont Street, Boston, MA 02108"
"University of California, Berkeley",1,District of Columbia,"200 California Hall, Berkeley, CA 94720-1500"
"University of California, Los Angeles",1,District of Columbia,"405 Hilgard Ave, Los Angeles, CA 90095"
University of Colorado,1,District of Columbia,"17 UCB, Boulder, CO 80309-0017"
University of Illinois,1,District of Columbia,"601 E John Street, Champaign, IL 61820-5711"
University of Maryland,1,District of Columbia,"Main Administration Building, College Park, MD 20742-0001"
University of Minnesota,1,District of Columbia,"202 Morrill Hall, 100 Church Street SE, Minneapolis, MN 55455-0213"
University of Missouri,1,District of Columbia,"105 Jesse Hall, Columbia, MO 65211"
University of Montana,1,District of Columbia,"32 Campus Drive, Missoula, MT 59812"
University of Wisconsin,1,District of Columbia,"780 Regent St, Madison, WI 53708-8680"
"Westminster College, New Wilmington, Pennsylvania",1,District of Columbia,"319 South Market Street, New Wilmington, PA 16172"
Wittenberg College,1,District of Columbia,"Ward St at N Wittenberg Ave, Springfield, OH 45504"
Harvard University,22,Eighth,"Massachusetts Hall, Cambridge, MA 02138"
University of Iowa,16,Eighth,"101 Jessup Hall, Iowa City, IA 52242-1316"
University of Nebraska,12,Eighth,"2504 9th Avenue, Kearney, NE 68849-1201"
University of Minnesota,9,Eighth,"202 Morrill Hall, 100 Church Street SE, Minneapolis, MN 55455-0213"
University of Arkansas,8,Eighth,"2801 S University Ave, Little Rock, AR 72204"
Washington University in St. Louis,8,Eighth,"One Brookings Dr, Saint Louis, MO 63130"
University of Missouri,7,Eighth,"105 Jesse Hall, Columbia, MO 65211"
Yale University,7,Eighth,"105 Wall Street, New Haven, CT 06520"
Georgetown University,5,Eighth,"37th and O St NW, Washington, DC 20057"
University of Memphis,5,Eighth,"341 Administration Building, Memphis, TN 38152"
University of Kansas,4,Eighth,"230 Strong Hall 1450 Jayhawk Blvd., Lawrence, KS 66045-7535"
University of Michigan,4,Eighth,"2074 Fleming Administration Building, Ann Arbor, MI 48109-1340"
University of North Dakota,3,Eighth,"264 Centennial Drive Stop 8193, Grand Forks, ND 58202-8193"
Dartmouth College,2,Eighth,"207 Parkhurst Hall, Hanover, NH 03755"
Drake University,2,Eighth,"2507 University Ave, Des Moines, IA 50311-4505"
Mitchell Hamline School of Law,2,Eighth,"875 Summit Ave, St Paul, MN 55105"
University of Virginia,2,Eighth,"1827 University Avenue, Charlottesville, VA 22904"
Amherst College,1,Eighth,"P.O. Box 5000, Amherst, MA 01002-5000"
Benton College of Law,1,Eighth,"1200 Market St, St. Louis, MO 63103"
Bridgewater College,1,Eighth,"402 E College St, Bridgewater, VA 22812-1599"
Columbia University,1,Eighth,"535 West 116th Street, New York, NY 10027"
Dordt University,1,Eighth,"700 7th St NE, Sioux Center, IA 51250"
Duke University,1,Eighth,"207 Allen Bldg, Durham, NC 27708"
Grinnell College,1,Eighth,"1121 Park Street, Grinnell, IA 50112-1690"
Hamilton College,1,Eighth,"198 College Hill Rd, Clinton, NY 13323"
"Heidelberg University, Germany",1,Eighth,
Jamestown College,1,Eighth,"6000 College Lane, Jamestown, ND 58405"
"Lincoln University, Missouri",1,Eighth,"820 Chestnut Street, Jefferson City, MO 65102-0029"
Loras College,1,Eighth,"1450 Alta Vista, Dubuque, IA 52004-0178"
New York University,1,Eighth,"70 Washington Square South, New York, NY 10012-1091"
Northwest Missouri State University,1,Eighth,"800 University Drive, Maryville, MO 64468-6001"
Northwestern University,1,Eighth,"633 Clark St, Evanston, IL 60208"
Ouachita Baptist University,1,Eighth,"410 Ouachita St, Arkadelphia, AR 71998-0001"
Princeton University,1,Eighth,"One Nassau Hall, Princeton, NJ 08544-0015"
St. John's University,1,Eighth,"8000 Utopia Parkway, Queens, NY 11439"
St. Louis University,1,Eighth,"One Grand Boulevard, Saint Louis, MO 63103-2097"
Tabor College,1,Eighth,"400 S Jefferson, Hillsboro, KS 67063-1799"
University of Cincinnati,1,Eighth,"2600 Clifton Ave, Cincinnati, OH 45221"
University of Missouri - Kansas City,1,Eighth,"5100 Rockhill Rd, Kansas City, MO 64110"
University of South Dakota,1,Eighth,"414 E Clark St, Vermillion, SD 57069-2390"
University of Wisconsin,1,Eighth,"780 Regent St, Madison, WI 53708-8680"
Washington and Lee University,1,Eighth,"204 West Washington Street, Lexington, VA 24450-2116"
"Westminster College, Fulton, Missouri",1,Eighth,"501 Westminster Ave, Fulton, MO 65251-1299"
University of Florida,21,Eleventh,"300 SW 13th Street, Gainesville, FL 32611"
University of Alabama,10,Eleventh,"801 University Boulevard, Tuscaloosa, AL 35487-0100"
Emory University,7,Eleventh,"201 Dowman Drive, Atlanta, GA 30322"
Harvard University,7,Eleventh,"Massachusetts Hall, Cambridge, MA 02138"
University of Georgia,7,Eleventh,"456 East Broad Street, Athens, GA 30602"
University of Virginia,6,Eleventh,"1827 University Avenue, Charlottesville, VA 22904"
Cornell University,5,Eleventh,"300 Day Hall, Ithaca, NY 14853"
Samford University,3,Eleventh,"800 Lakeshore Drive, Birmingham, AL 35229-2240"
University of Miami,3,Eleventh,"1252 Memorial Drive, 230 Ashe Bldg., Coral Gables, FL 33124-4600"
University of Pennsylvania,3,Eleventh,"1 College Hall, Room 100, Philadelphia, PA 19104-6303"
Stetson University,2,Eleventh,"421 N Woodland Blvd, DeLand, FL 32723"
University of Notre Dame,2,Eleventh,"Main Building, Notre Dame, IN 46556"
Yale University,2,Eleventh,"105 Wall Street, New Haven, CT 06520"
Auburn University,1,Eleventh,"107 Samford Hall, Auburn University, AL 36849"
College of William and Mary,1,Eleventh,"Sadler Center, 200 Stadium Dr, Williamsburg, VA 23185"
Columbia University,1,Eleventh,"535 West 116th Street, New York, NY 10027"
Davidson College,1,Eleventh,"209 Ridge Road, Davidson, NC 28035"
Duke University,1,Eleventh,"207 Allen Bldg, Durham, NC 27708"
Florida A&M University,1,Eleventh,"1601 South Martin Luther King Jr. Boulevard, Tallahassee, FL 32307"
Florida International University,1,Eleventh,"11200 SW 8th Street, Miami, FL 33199"
Florida State University,1,Eleventh,"222 South Copeland Street, Tallahassee, FL 32306-1470"
Goucher College,1,Eleventh,"1021 Dulaney Valley Road, Baltimore, MD 21204-2794"
Howard University,1,Eleventh,"2400 Sixth St NW, Washington, DC 20059-0001"
Mercer University,1,Eleventh,"1501 Mercer University Drive, Macon, GA 31207"
"Queens College, City University of New York",1,Eleventh,"65 30 Kissena Blvd, Queens, NY 11367-0904"
Randolph College,1,Eleventh,"2500 Rivermont Ave, Lynchburg, VA 24503-1526"
Rollins College,1,Eleventh,"1000 Holt Ave, Winter Park, FL 32789-4499"
Spring Hill College,1,Eleventh,"4000 Dauphin St, Mobile, AL 36608-1791"
"St. Joseph's College, Jensen Beach, Florida",1,Eleventh,"1912 NE Jensen Beach Blvd. Jensen Beach, Florida 34957"
St. Petersburg College,1,Eleventh,"P. O. Box 13489, Largo, FL 33760"
Stanford University,1,Eleventh,"450 Serra Mall, Stanford, CA 94305-2061"
Tulane University,1,Eleventh,"6823 Saint Charles Avenue, New Orleans, LA 70118-5698"
University of Denver,1,Eleventh,"2199 S. University Blvd, Denver, CO 80208"
University of Louisiana at Monroe,1,Eleventh,"700 University Avenue, Monroe, LA 71209-0000"
University of Maryland,1,Eleventh,"Main Administration Building, College Park, MD 20742-0001"
University of South Carolina,1,Eleventh,"206 Osborne Administration Building, Columbia, SC 29208"
Wake Forest University,1,Eleventh,"1834 Wake Forest Road, Winston Salem, NC 27106"
Washington University in St. Louis,1,Eleventh,"One Brookings Dr, Saint Louis, MO 63130"
Washington and Lee University,1,Eleventh,"204 West Washington Street, Lexington, VA 24450-2116"
Columbia University,10,Federal,"535 West 116th Street, New York, NY 10027"
Harvard University,10,Federal,"Massachusetts Hall, Cambridge, MA 02138"
Yale University,9,Federal,"105 Wall Street, New Haven, CT 06520"
Georgetown University,8,Federal,"37th and O St NW, Washington, DC 20057"
University of Michigan,7,Federal,"2074 Fleming Administration Building, Ann Arbor, MI 48109-1340"
University of Texas,6,Federal,"110 Inner Campus Drive, Austin, TX 78712"
Washington University in St. Louis,6,Federal,"One Brookings Dr, Saint Louis, MO 63130"
University of Pennsylvania,5,Federal,"1 College Hall, Room 100, Philadelphia, PA 19104-6303"
Duke University,4,Federal,"207 Allen Bldg, Durham, NC 27708"
University of Virginia,4,Federal,"1827 University Avenue, Charlottesville, VA 22904"
Massachusetts Institute of Technology,3,Federal,"77 Massachusetts Avenue, Cambridge, MA 02139-4307"
University of Cambridge,3,Federal,
Catholic University of America,2,Federal,"620 Michigan Avenue, NE, Washington, DC 20064"
Indiana University,2,Federal,"107 S. Indiana Ave., Bloomington, IN 47405-7000"
New York University,2,Federal,"70 Washington Square South, New York, NY 10012-1091"
Rensselaer Polytechnic Institute,2,Federal,"110 8th St, Troy, NY 12180-3590"
University of South Carolina,2,Federal,"206 Osborne Administration Building, Columbia, SC 29208"
American University,1,Federal,"4400 Massachusetts Avenue N.W., Washington, DC 20016"
Baylor University,1,Federal,"1320 S 7th Street, Waco, TX 76798"
Brigham Young University,1,Federal,"Main Campus, Provo, UT 84602"
Case Western Reserve University,1,Federal,"10900 Euclid Ave, Cleveland, OH 44106"
College of William and Mary,1,Federal,"Sadler Center, 200 Stadium Dr, Williamsburg, VA 23185"
Cornell University,1,Federal,"300 Day Hall, Ithaca, NY 14853"
Creighton University,1,Federal,"2500 California Plaza, Omaha, NE 68178"
Judge Advocate General's Legal Center and School,1,Federal,"600 Massie Rd, Charlottesville, VA 22903"
Kenyon College,1,Federal,"106 College-Park Street, Gambier, OH 43022"
Loyola University Chicago,1,Federal,"820 N Michigan Ave, Chicago, IL 60611"
Michigan State University,1,Federal,"450 Administration Bldg., East Lansing, MI 48824-1046"
Missouri State University,1,Federal,"901 S National, Springfield, MO 65897"
Pomona College,1,Federal,"550 North College Avenue, Claremont, CA 91711-6301"
Princeton University,1,Federal,"One Nassau Hall, Princeton, NJ 08544-0015"
South Texas College of Law,1,Federal,"1303 San Jacinto St, Houston, TX 77002-7000"
Temple University,1,Federal,"1801 North Broad Street, Philadelphia, PA 19122-6096"
Tulane University,1,Federal,"6823 Saint Charles Avenue, New Orleans, LA 70118-5698"
University of Arizona,1,Federal,"1401 E University, Tucson, AZ 85721-0066"
"University of California, Berkeley",1,Federal,"200 California Hall, Berkeley, CA 94720-1500"
"University of California, Los Angeles",1,Federal,"405 Hilgard Ave, Los Angeles, CA 90095"
University of Chicago,1,Federal,"5801 S Ellis Ave, Chicago, IL 60637"
University of Florida,1,Federal,"300 SW 13th Street, Gainesville, FL 32611"
University of Illinois Chicago,1,Federal,"601 S. Morgan St. ; M/C 102, Chicago, IL 60607-7128"
University of Iowa,1,Federal,"101 Jessup Hall, Iowa City, IA 52242-1316"
University of New Mexico,1,Federal,"University of New Mexico, Albuquerque, NM 87131"
University of North Carolina,1,Federal,"103 South Bldg Campus Box 9100, Chapel Hill, NC 27599"
University of North Texas,1,Federal,"1155 Union Circle #311277, Denton, TX 76203"
University of Rochester,1,Federal,"Wallis Hall, Rochester, NY 14627"
University of Wisconsin,1,Federal,"780 Regent St, Madison, WI 53708-8680"
Vassar College,1,Federal,"Box 1, Raymond Avenue, Poughkeepsie, NY 12604-0002"
Williams College,1,Federal,"880 Main St, Williamstown, MA 01267"
University of Texas,29,Fifth,"110 Inner Campus Drive, Austin, TX 78712"
Harvard University,16,Fifth,"Massachusetts Hall, Cambridge, MA 02138"
University of Mississippi,15,Fifth,"P.O. Box 1848, University, MS 38677-1848"
Louisiana State University,11,Fifth,"University Administration, Baton Rouge, LA 70808"
Tulane University,9,Fifth,"6823 Saint Charles Avenue, New Orleans, LA 70118-5698"
University of Alabama,8,Fifth,"801 University Boulevard, Tuscaloosa, AL 35487-0100"
University of Virginia,8,Fifth,"1827 University Avenue, Charlottesville, VA 22904"
Millsaps College,7,Fifth,"1701 N State St, Jackson, MS 39210-0001"
Yale University,7,Fifth,"105 Wall Street, New Haven, CT 06520"
Duke University,6,Fifth,"207 Allen Bldg, Durham, NC 27708"
University of Georgia,6,Fifth,"456 East Broad Street, Athens, GA 30602"
Washington and Lee University,6,Fifth,"204 West Washington Street, Lexington, VA 24450-2116"
Baylor University,5,Fifth,"1320 S 7th Street, Waco, TX 76798"
Mercer University,5,Fifth,"1501 Mercer University Drive, Macon, GA 31207"
Washington University in St. Louis,5,Fifth,"One Brookings Dr, Saint Louis, MO 63130"
Columbia University,4,Fifth,"535 West 116th Street, New York, NY 10027"
Emory University,4,Fifth,"201 Dowman Drive, Atlanta, GA 30322"
Cornell University,3,Fifth,"300 Day Hall, Ithaca, NY 14853"
Samford University,3,Fifth,"800 Lakeshore Drive, Birmingham, AL 35229-2240"
University of Cambridge,3,Fifth,
Loyola University New Orleans,2,Fifth,"6363 Saint Charles Ave, New Orleans, LA 70118-6143"
Princeton University,2,Fifth,"One Nassau Hall, Princeton, NJ 08544-0015"
Rice University,2,Fifth,"6100 S Main, Houston, TX 77005"
Stetson University,2,Fifth,"421 N Woodland Blvd, DeLand, FL 32723"
Syracuse University,2,Fifth,"Crouse Hinds Hall, Suite 600, Syracuse, NY 13244-2130"
University of Denver,2,Fifth,"2199 S. University Blvd, Denver, CO 80208"
University of Florida,2,Fifth,"300 SW 13th Street, Gainesville, FL 32611"
University of Houston,2,Fifth,"4800 Calhoun Rd., Houston, TX 77204-2018"
University of Maryland,2,Fifth,"Main Administration Building, College Park, MD 20742-0001"
University of Notre Dame,2,Fifth,"Main Building, Notre Dame, IN 46556"
Auburn University,1,Fifth,"107 Samford Hall, Auburn University, AL 36849"
Birmingham-Southern College,1,Fifth,"900 Arkadelphia Road, Birmingham, AL 35254"
Centre College,1,Fifth,"600 W Walnut St, Danville, KY 40422-1394"
Dartmouth College,1,Fifth,"207 Parkhurst Hall, Hanover, NH 03755"
Dillard University,1,Fifth,"2601 Gentilly Blvd, New Orleans, LA 70122"
Florida A&M University,1,Fifth,"1601 South Martin Luther King Jr. Boulevard, Tallahassee, FL 32307"
Florida Institute of Technology,1,Fifth,"150 West University Boulevard, Melbourne, FL 32901-6975"
Goucher College,1,Fifth,"1021 Dulaney Valley Road, Baltimore, MD 21204-2794"
Howard University,1,Fifth,"2400 Sixth St NW, Washington, DC 20059-0001"
Jones County Junior College,1,Fifth,"900 S Court St., Ellisville, MS 39437"
Louisiana Tech University,1,Fifth,"305 Wisteria, Ruston, LA 71272"
Mississippi College,1,Fifth,"200 South Capitol Street, Clinton, MS 39058"
Rollins College,1,Fifth,"1000 Holt Ave, Winter Park, FL 32789-4499"
San Antonio College,1,Fifth,"1819 North Main Avenue, San Antonio, TX 78212-4299"
Smith College,1,Fifth,"College Hall 201, Northampton, MA 01063"
St. Petersburg College,1,Fifth,"P. O. Box 13489, Largo, FL 33760"
Stanford University,1,Fifth,"450 Serra Mall, Stanford, CA 94305-2061"
Texas Southmost College,1,Fifth,"80 Fort Brown, Brownsville, TX 78520"
University of Chicago,1,Fifth,"5801 S Ellis Ave, Chicago, IL 60637"
University of Michigan,1,Fifth,"2074 Fleming Administration Building, Ann Arbor, MI 48109-1340"
University of Nebraska,1,Fifth,"2504 9th Avenue, Kearney, NE 68849-1201"
University of Pennsylvania,1,Fifth,"1 College Hall, Room 100, Philadelphia, PA 19104-6303"
University of South Carolina,1,Fifth,"206 Osborne Administration Building, Columbia, SC 29208"
University of the South,1,Fifth,"735 University Avenue, Sewanee, TN 37383-1000"
Vanderbilt University,1,Fifth,"2101 West End Avenue, Nashville, TN 37240"
Harvard University,34,First,"Massachusetts Hall, Cambridge, MA 02138"
University of Virginia,9,First,"1827 University Avenue, Charlottesville, VA 22904"
Columbia University,8,First,"535 West 116th Street, New York, NY 10027"
University of Oxford,6,First,
Boston University,5,First,"One Silber Way, 8th Floor, Boston, MA 02215"
St. John's College,4,First,"60 College Avenue, Annapolis, MD 21401"
Brown University,3,First,"1 Prospect St, Providence, RI 02912"
Yale University,3,First,"105 Wall Street, New Haven, CT 06520"
Bates College,2,First,"2 Andrews Road, Lewiston, ME 04240"
Bowdoin College,2,First,"5700 College Station - President's Office, Brunswick, ME 04011-8448"
College of the Holy Cross,2,First,"One College Street, 119 Fenwick Hall, Worcester, MA 01610-2395"
University of Pennsylvania,2,First,"1 College Hall, Room 100, Philadelphia, PA 19104-6303"
Amherst College,1,First,"P.O. Box 5000, Amherst, MA 01002-5000"
Brandeis University,1,First,"415 South St., MS 100, Waltham, MA 02453-2700"
Dartmouth College,1,First,"207 Parkhurst Hall, Hanover, NH 03755"
Georgetown University,1,First,"37th and O St NW, Washington, DC 20057"
Haverford College,1,First,"370 Lancaster Ave, Haverford, PA 19041-1392"
Plymouth State University,1,First,"17 High Street, MSC #1 - Speare Building, Plymouth, NH 03264"
Stanford University,1,First,"450 Serra Mall, Stanford, CA 94305-2061"
Suffolk University,1,First,"73 Tremont Street, Boston, MA 02108"
Tufts University,1,First,"Ballou Hall, 2nd Floor, Medford, MA 02155"
University of Puerto Rico School of Public Administration,1,First,
Wellesley College,1,First,"106 Central St, Wellesley, MA 02481-8203"
Williams College,1,First,"880 Main St, Williamstown, MA 01267"
University of Virginia,15,Fourth,"1827 University Avenue, Charlottesville, VA 22904"
University of South Carolina,11,Fourth,"206 Osborne Administration Building, Columbia, SC 29208"
Boston University,8,Fourth,"One Silber Way, 8th Floor, Boston, MA 02215"
Harvard University,7,Fourth,"Massachusetts Hall, Cambridge, MA 02138"
New York University,6,Fourth,"70 Washington Square South, New York, NY 10012-1091"
University of North Carolina,6,Fourth,"103 South Bldg Campus Box 9100, Chapel Hill, NC 27599"
West Virginia University,6,Fourth,"Presidents Office Box 6201, Morgantown, WV 26506-6201"
University of Maryland,5,Fourth,"Main Administration Building, College Park, MD 20742-0001"
Davidson College,4,Fourth,"209 Ridge Road, Davidson, NC 28035"
Duke University,4,Fourth,"207 Allen Bldg, Durham, NC 27708"
Wofford College,4,Fourth,"429 N Church St, Spartanburg, SC 29303-3663"
Yale University,4,Fourth,"105 Wall Street, New Haven, CT 06520"
Johns Hopkins University,3,Fourth,"3400 N Charles St, Baltimore, MD 21218-2688"
Wake Forest University,3,Fourth,"1834 Wake Forest Road, Winston Salem, NC 27106"
Washington and Lee University,3,Fourth,"204 West Washington Street, Lexington, VA 24450-2116"
Columbia University,2,Fourth,"535 West 116th Street, New York, NY 10027"
Georgetown University,2,Fourth,"37th and O St NW, Washington, DC 20057"
University of Michigan,2,Fourth,"2074 Fleming Administration Building, Ann Arbor, MI 48109-1340"
University of Pennsylvania,2,Fourth,"1 College Hall, Room 100, Philadelphia, PA 19104-6303"
Washington University in St. Louis,2,Fourth,"One Brookings Dr, Saint Louis, MO 63130"
Bridgewater College,1,Fourth,"402 E College St, Bridgewater, VA 22812-1599"
Cornell University,1,Fourth,"300 Day Hall, Ithaca, NY 14853"
Furman University,1,Fourth,"3300 Poinsett Highway, Greenville, SC 29613-6162"
Hampden-Sydney College,1,Fourth,"College Road, Box 128, Hampden-Sydney, VA 23943-0128"
Hampton University,1,Fourth,"200 William R. Harvey Way, Hampton, VA 23668-0099"
Kenyon College,1,Fourth,"106 College-Park Street, Gambier, OH 43022"
Macalester College,1,Fourth,"1600 Grand Avenue, St. Paul, MN 55105-1899"
Marquette University,1,Fourth,"Clark Hall, Room 341 530 N. 16th Street PO Box 1881, Milwaukee, WI 53201-1881"
Marshall University,1,Fourth,"1 John Marshall Dr, Huntington, WV 25755"
Rhodes College,1,Fourth,"2000 North Parkway, Memphis, TN 38112-1690"
St. Bonaventure University,1,Fourth,"Route 417, St. Bonaventure, NY 14778"
University of Chicago,1,Fourth,"5801 S Ellis Ave, Chicago, IL 60637"
University of Notre Dame,1,Fourth,"Main Building, Notre Dame, IN 46556"
University of Scranton,1,Fourth,"800 Linden Street, Scranton, PA 18510-4501"
Vanderbilt University,1,Fourth,"2101 West End Avenue, Nashville, TN 37240"
Vassar College,1,Fourth,"Box 1, Raymond Avenue, Poughkeepsie, NY 12604-0002"
Virginia State University,1,Fourth,"One Hayden Street, Petersburg, VA 23806"
Wesleyan University,1,Fourth,"229High St, Middletown, CT 06459"
Harvard University,29,Ninth,"Massachusetts Hall, Cambridge, MA 02138"
"University of California, Los Angeles",26,Ninth,"405 Hilgard Ave, Los Angeles, CA 90095"
Stanford University,22,Ninth,"450 Serra Mall, Stanford, CA 94305-2061"
University of Southern California,22,Ninth,"University Park, Los Angeles, CA 90089-0012"
University of Virginia,16,Ninth,"1827 University Avenue, Charlottesville, VA 22904"
Yale University,15,Ninth,"105 Wall Street, New Haven, CT 06520"
"University of California, Berkeley",14,Ninth,"200 California Hall, Berkeley, CA 94720-1500"
University of Washington,13,Ninth,"1400 NE Campus Parkway, Seattle, WA, 98195"
Brigham Young University,8,Ninth,"Main Campus, Provo, UT 84602"
Arizona State University,6,Ninth,"P.O. Box 877705, Tempe, AZ 85287"
University of Chicago,5,Ninth,"5801 S Ellis Ave, Chicago, IL 60637"
University of Idaho,5,Ninth,"875 Perimeter Drive, Moscow, ID 83844-2282"
Cornell University,4,Ninth,"300 Day Hall, Ithaca, NY 14853"
University of Iowa,4,Ninth,"101 Jessup Hall, Iowa City, IA 52242-1316"
University of Michigan,4,Ninth,"2074 Fleming Administration Building, Ann Arbor, MI 48109-1340"
University of Oxford,4,Ninth,
Catholic University of America,3,Ninth,"620 Michigan Avenue, NE, Washington, DC 20064"
Montana State University,3,Ninth,"Culbertson Hall, 100, Bozeman, MT 59717"
Princeton University,3,Ninth,"One Nassau Hall, Princeton, NJ 08544-0015"
"University of Nevada, Reno",3,Ninth,"1664 North Virginia Street, Reno, NV 89557"
University of Oregon,3,Ninth,"110 Johnson Hall, Eugene, OR 97403"
University of Texas,3,Ninth,"110 Inner Campus Drive, Austin, TX 78712"
Brown University,2,Ninth,"1 Prospect St, Providence, RI 02912"
Columbia University,2,Ninth,"535 West 116th Street, New York, NY 10027"
New York University,2,Ninth,"70 Washington Square South, New York, NY 10012-1091"
Pomona College,2,Ninth,"550 North College Avenue, Claremont, CA 91711-6301"
Santa Clara University,2,Ninth,"500 El Camino Real, Santa Clara, CA 95053-0015"
University of Arizona,2,Ninth,"1401 E University, Tucson, AZ 85721-0066"
University of Kansas,2,Ninth,"230 Strong Hall 1450 Jayhawk Blvd., Lawrence, KS 66045-7535"
University of Montana,2,Ninth,"32 Campus Drive, Missoula, MT 59812"
University of Notre Dame,2,Ninth,"Main Building, Notre Dame, IN 46556"
University of the Pacific,2,Ninth,"3601 Pacific Ave, Stockton, CA 95211"
Wesleyan University,2,Ninth,"229High St, Middletown, CT 06459"
Willamette University,2,Ninth,"900 State St, Salem, OR 97301"
Bear Valley Bible Institute,1,Ninth,"2707 S. Lamar Street Denver, Colorado 80227"
Brigham Young University - Idaho,1,Ninth,"525 S Center, Rexburg, ID 83460-4107"
Carleton College,1,Ninth,"One North College Street, Northfield, MN 55057-4001"
Case Western Reserve University,1,Ninth,"10900 Euclid Ave, Cleveland, OH 44106"
Clark Atlanta University,1,Ninth,"223 James P Brawley Drive, Atlanta, GA 30314"
Georgetown University,1,Ninth,"37th and O St NW, Washington, DC 20057"
Golden Gate University,1,Ninth,"536 Mission Street, San Francisco, CA 94105-2968"
Lafayette College,1,Ninth,"High St, Easton, PA 18042-1768"
Morehouse College,1,Ninth,"830 Westview Dr SW, Atlanta, GA 30314"
North Carolina A&T State University,1,Ninth,"1601 East Market Street, Greensboro, NC 27411"
Northwestern University,1,Ninth,"633 Clark St, Evanston, IL 60208"
Occidental College,1,Ninth,"1600 Campus Rd, Los Angeles, CA 90041-3314"
Radcliffe College,1,Ninth,"52 Linnaean St, Cambridge, MA 02138"
San Diego State University,1,Ninth,"5500 Campanile Dr, San Diego, CA 92182-8000"
Southwestern University,1,Ninth,"1001 University Ave, Georgetown, TX 78626"
St. Augustine's College,1,Ninth,"230E E L St, Benicia, CA 94510"
St. John's University,1,Ninth,"8000 Utopia Parkway, Queens, NY 11439"
Swarthmore College,1,Ninth,"500 College Ave, Swarthmore, PA 19081"
Tacoma Law School,1,Ninth,"901 12th Ave, Seattle, WA 98122"
Union College,1,Ninth,"310 College St, Barbourville, KY 40906-1499"
"University of California, Hastings College of the Law",1,Ninth,"200 McAllister St, San Francisco, CA 94102"
"University of California, Santa Barbara",1,Ninth,"552 University Road, Santa Barbara, CA 93106-2030"
University of Hawaii,1,Ninth,"2500 Campus Road, Hawaii Hall, Honolulu, HI 96822-2301"
University of Minnesota,1,Ninth,"202 Morrill Hall, 100 Church Street SE, Minneapolis, MN 55455-0213"
University of Nebraska,1,Ninth,"2504 9th Avenue, Kearney, NE 68849-1201"
University of New Mexico,1,Ninth,"University of New Mexico, Albuquerque, NM 87131"
University of Pennsylvania,1,Ninth,"1 College Hall, Room 100, Philadelphia, PA 19104-6303"
University of Portland,1,Ninth,"5000 N Willamette Blvd, Portland, OR 97203-5798"
University of Wyoming,1,Ninth,"1000 E. University Ave., Laramie, WY 82071"
Vassar College,1,Ninth,"Box 1, Raymond Avenue, Poughkeepsie, NY 12604-0002"
Virginia Military Institute,1,Ninth,"Smith Hall, Lexington, VA 24450-0304"
Washburn University,1,Ninth,"1700 SW College Avenue, Topeka, KS 66621-0001"
Washington and Lee University,1,Ninth,"204 West Washington Street, Lexington, VA 24450-2116"
Wellesley College,1,Ninth,"106 Central St, Wellesley, MA 02481-8203"
Whitman College,1,Ninth,"345 Boyer Ave, Walla Walla, WA 99362"
Williams College,1,Ninth,"880 Main St, Williamstown, MA 01267"
Columbia University,40,Second,"535 West 116th Street, New York, NY 10027"
Harvard University,35,Second,"Massachusetts Hall, Cambridge, MA 02138"
Yale University,35,Second,"105 Wall Street, New Haven, CT 06520"
Cornell University,11,Second,"300 Day Hall, Ithaca, NY 14853"
Fordham University,8,Second,"441 E Fordham Rd, Bronx, NY 10458"
University of Michigan,8,Second,"2074 Fleming Administration Building, Ann Arbor, MI 48109-1340"
Princeton University,7,Second,"One Nassau Hall, Princeton, NJ 08544-0015"
Dartmouth College,6,Second,"207 Parkhurst Hall, Hanover, NH 03755"
New York University,6,Second,"70 Washington Square South, New York, NY 10012-1091"
European University Institute,4,Second,
University of Virginia,4,Second,"1827 University Avenue, Charlottesville, VA 22904"
Georgetown University,3,Second,"37th and O St NW, Washington, DC 20057"
State University of New York at Albany,3,Second,"1400 Washington Avenue, Albany, NY 12222"
University of Cambridge,3,Second,
University of Chicago,3,Second,"5801 S Ellis Ave, Chicago, IL 60637"
University of Connecticut,3,Second,"352 Mansfield Rd. Unit 2048, Storrs, CT 06269-2048"
University of Pennsylvania,3,Second,"1 College Hall, Room 100, Philadelphia, PA 19104-6303"
Boston University,2,Second,"One Silber Way, 8th Floor, Boston, MA 02215"
New York Law School,2,Second,"185 W. Broadway, New York, NY 10013-2960"
Seminary of the Immaculate Conception,2,Second,"440 W Neck Rd, Huntington, NY 11743-1626"
Syracuse University,2,Second,"Crouse Hinds Hall, Suite 600, Syracuse, NY 13244-2130"
University of North Carolina,2,Second,"103 South Bldg Campus Box 9100, Chapel Hill, NC 27599"
University of Oxford,2,Second,
University of Rochester,2,Second,"Wallis Hall, Rochester, NY 14627"
Wellesley College,2,Second,"106 Central St, Wellesley, MA 02481-8203"
Amherst College,1,Second,"P.O. Box 5000, Amherst, MA 01002-5000"
Brooklyn College,1,Second,"2900 Bedford Ave, Brooklyn, NY 11210-2889"
Brooklyn Law School,1,Second,"250 Joralemon St, Brooklyn, NY 11201"
City College of New York,1,Second,"160 Convent Avenue, New York, NY 10031-9101"
College of William and Mary,1,Second,"Sadler Center, 200 Stadium Dr, Williamsburg, VA 23185"
College of the Holy Cross,1,Second,"One College Street, 119 Fenwick Hall, Worcester, MA 01610-2395"
Hamilton College,1,Second,"198 College Hill Rd, Clinton, NY 13323"
Howard University,1,Second,"2400 Sixth St NW, Washington, DC 20059-0001"
"Lincoln University, Pennsylvania",1,Second,"P. O. Box 179, Lincoln University, PA 19352-0999"
Ohio State University,1,Second,"1585 Neil Avenue, Columbus, OH 43210"
"Queens College, City University of New York",1,Second,"65 30 Kissena Blvd, Queens, NY 11367-0904"
St. Bonaventure University,1,Second,"Route 417, St. Bonaventure, NY 14778"
St. Francis College,1,Second,"180 Remsen Street, Brooklyn Heights, NY 11201-4398"
St. Joseph's University,1,Second,"5600 City Line Avenue, Philadelphia, PA 19131-1395"
St. Peter's College,1,Second,"2641 John F. Kennedy Blvd. W, Jersey City, NJ 07306"
Stanford University,1,Second,"450 Serra Mall, Stanford, CA 94305-2061"
Trinity College,1,Second,"300 Summit St, Hartford, CT 06106-3100"
Union College,1,Second,"310 College St, Barbourville, KY 40906-1499"
University of Massachusetts,1,Second,"181 Presidents Drive, Amherst, MA 01003"
Wesleyan University,1,Second,"229High St, Middletown, CT 06459"
Indiana University,21,Seventh,"107 S. Indiana Ave., Bloomington, IN 47405-7000"
Northwestern University,19,Seventh,"633 Clark St, Evanston, IL 60208"
University of Notre Dame,15,Seventh,"Main Building, Notre Dame, IN 46556"
University of Chicago,8,Seventh,"5801 S Ellis Ave, Chicago, IL 60637"
DePaul University,7,Seventh,"1 East Jackson Blvd., Chicago, IL 60604"
University of Wisconsin,7,Seventh,"780 Regent St, Madison, WI 53708-8680"
Yale University,7,Seventh,"105 Wall Street, New Haven, CT 06520"
Washington University in St. Louis,6,Seventh,"One Brookings Dr, Saint Louis, MO 63130"
Harvard University,5,Seventh,"Massachusetts Hall, Cambridge, MA 02138"
Marquette University,5,Seventh,"Clark Hall, Room 341 530 N. 16th Street PO Box 1881, Milwaukee, WI 53201-1881"
University of Illinois,5,Seventh,"601 E John Street, Champaign, IL 61820-5711"
Cornell University,3,Seventh,"300 Day Hall, Ithaca, NY 14853"
University of Iowa,2,Seventh,"101 Jessup Hall, Iowa City, IA 52242-1316"
University of Michigan,2,Seventh,"2074 Fleming Administration Building, Ann Arbor, MI 48109-1340"
University of Texas,2,Seventh,"110 Inner Campus Drive, Austin, TX 78712"
Wabash College,2,Seventh,"P.O. Box 352, Crawfordsville, IN 47933"
Boston University,1,Seventh,"One Silber Way, 8th Floor, Boston, MA 02215"
Brown University,1,Seventh,"1 Prospect St, Providence, RI 02912"
Bryn Mawr College,1,Seventh,"101 N Merion Avenue, Bryn Mawr, PA 19010"
Central YMCA College,1,Seventh,"211 W Wacker DrChicago, IL 60606"
Chicago-Kent College of Law,1,Seventh,"565 W Adams St, Chicago, IL 60661"
Elmhurst University,1,Seventh,"190 Prospect Ave, Elmhurst, IL 60126-3096"
Fordham University,1,Seventh,"441 E Fordham Rd, Bronx, NY 10458"
Haverford College,1,Seventh,"370 Lancaster Ave, Haverford, PA 19041-1392"
Illinois Wesleyan University,1,Seventh,"1312 Park Street, Bloomington, IL 61701"
Lake Forest College,1,Seventh,"555 N Sheridan Road, Lake Forest, IL 60045-2399"
Princeton University,1,Seventh,"One Nassau Hall, Princeton, NJ 08544-0015"
Rhodes College,1,Seventh,"2000 North Parkway, Memphis, TN 38112-1690"
"St. Joseph’s College, Rensselaer, Indiana",1,Seventh,"121 N LaSalle St, Chicago, IL 60602"
Swarthmore College,1,Seventh,"500 College Ave, Swarthmore, PA 19081"
Union College,1,Seventh,"310 College St, Barbourville, KY 40906-1499"
University of Virginia,1,Seventh,"1827 University Avenue, Charlottesville, VA 22904"
Wayne State University,1,Seventh,"656 West Kirby Street, Detroit, MI 48202"
Wittenberg College,1,Seventh,"Ward St at N Wittenberg Ave, Springfield, OH 45504"
University of Virginia,32,Sixth,"1827 University Avenue, Charlottesville, VA 22904"
Harvard University,31,Sixth,"Massachusetts Hall, Cambridge, MA 02138"
University of Michigan,28,Sixth,"2074 Fleming Administration Building, Ann Arbor, MI 48109-1340"
Yale University,14,Sixth,"105 Wall Street, New Haven, CT 06520"
Vanderbilt University,9,Sixth,"2101 West End Avenue, Nashville, TN 37240"
University of Cincinnati,6,Sixth,"2600 Clifton Ave, Cincinnati, OH 45221"
Case Western Reserve University,5,Sixth,"10900 Euclid Ave, Cleveland, OH 44106"
Samford University,5,Sixth,"800 Lakeshore Drive, Birmingham, AL 35229-2240"
Michigan State University,3,Sixth,"450 Administration Bldg., East Lansing, MI 48824-1046"
University of Akron,3,Sixth,"302 Buchtel Common, Akron, OH 44325-4702"
Wayne State University,3,Sixth,"656 West Kirby Street, Detroit, MI 48202"
Miami University,2,Sixth,"501 East High St, Oxford, OH 45056"
New York University,2,Sixth,"70 Washington Square South, New York, NY 10012-1091"
University of Chicago,2,Sixth,"5801 S Ellis Ave, Chicago, IL 60637"
University of Detroit Mercy,2,Sixth,"4001 W McNichols Rd, Detroit, MI 48221-3038"
University of Louisville,2,Sixth,"2301 S 3rd St, Louisville, KY 40292-0001"
University of Memphis,2,Sixth,"341 Administration Building, Memphis, TN 38152"
University of Tennessee,2,Sixth,"527 Andy Holt Tower, Knoxville, TN 37996-0184"
Western Michigan University,2,Sixth,"1903 West Michigan Avenue, Kalamazoo, MI 49008-5167"
Youngstown State University,2,Sixth,"One University Plaza, Youngstown, OH 44555-0001"
Barnard College,1,Sixth,"3009 Broadway, New York, NY 10027-6598"
Boston College,1,Sixth,"140 Commonwealth Ave, Chestnut Hill, MA 02467"
Centre College,1,Sixth,"600 W Walnut St, Danville, KY 40422-1394"
Davidson College,1,Sixth,"209 Ridge Road, Davidson, NC 28035"
"Douglas University, Chicago, Illinois",1,Sixth,"1498 South College Avenue PO Box 870 Rensselaer, IN 47978"
East Tennessee State University,1,Sixth,"1276 Gibreath Drive, Box 70300, Johnson City, TN 37614-1700"
Fisk University,1,Sixth,"1000 17th Ave N, Nashville, TN 37208-4501"
Georgetown University,1,Sixth,"37th and O St NW, Washington, DC 20057"
Hamilton College,1,Sixth,"198 College Hill Rd, Clinton, NY 13323"
Howard University,1,Sixth,"2400 Sixth St NW, Washington, DC 20059-0001"
Massachusetts Institute of Technology,1,Sixth,"77 Massachusetts Avenue, Cambridge, MA 02139-4307"
Middlebury College,1,Sixth,"Old Chapel, Middlebury, VT 05753"
Northwestern University,1,Sixth,"633 Clark St, Evanston, IL 60208"
Ohio Northern University,1,Sixth,"525 Main St, Ada, OH 45810-1599"
Ohio State University,1,Sixth,"1585 Neil Avenue, Columbus, OH 43210"
Ohio Wesleyan University,1,Sixth,"61 S Sandusky Street, Delaware, OH 43015-2370"
Otterbein University,1,Sixth,"1 South Grove Street, Westerville, OH 43081"
Princeton University,1,Sixth,"One Nassau Hall, Princeton, NJ 08544-0015"
Radcliffe College,1,Sixth,"52 Linnaean St, Cambridge, MA 02138"
Southern Methodist University,1,Sixth,"6425 Boaz St, Dallas, TX 75275-0221"
Stanford University,1,Sixth,"450 Serra Mall, Stanford, CA 94305-2061"
Swarthmore College,1,Sixth,"500 College Ave, Swarthmore, PA 19081"
Tufts University,1,Sixth,"Ballou Hall, 2nd Floor, Medford, MA 02155"
Union University,1,Sixth,"1050 Union University Dr, Jackson, TN 38305-3697"
University of Alabama,1,Sixth,"801 University Boulevard, Tuscaloosa, AL 35487-0100"
"University of California, Berkeley",1,Sixth,"200 California Hall, Berkeley, CA 94720-1500"
University of Kentucky,1,Sixth,"101 Main Building, Lexington, KY 40506-0032"
University of Maryland,1,Sixth,"Main Administration Building, College Park, MD 20742-0001"
University of North Carolina,1,Sixth,"103 South Bldg Campus Box 9100, Chapel Hill, NC 27599"
University of Northern Iowa,1,Sixth,"1222 W 27th St, Cedar Falls, IA 50614"
University of Notre Dame,1,Sixth,"Main Building, Notre Dame, IN 46556"
University of Pennsylvania,1,Sixth,"1 College Hall, Room 100, Philadelphia, PA 19104-6303"
University of Wisconsin,1,Sixth,"780 Regent St, Madison, WI 53708-8680"
Washington and Lee University,1,Sixth,"204 West Washington Street, Lexington, VA 24450-2116"
West Virginia State University,1,Sixth,"200 Erickson Alumni Ctr, Institute, WV 25112"
Williams College,1,Sixth,"880 Main St, Williamstown, MA 01267"
Harvard University,15,Tenth,"Massachusetts Hall, Cambridge, MA 02138"
University of Wyoming,9,Tenth,"1000 E. University Ave., Laramie, WY 82071"
University of Virginia,7,Tenth,"1827 University Avenue, Charlottesville, VA 22904"
University of Chicago,6,Tenth,"5801 S Ellis Ave, Chicago, IL 60637"
University of Colorado,6,Tenth,"17 UCB, Boulder, CO 80309-0017"
University of Denver,6,Tenth,"2199 S. University Blvd, Denver, CO 80208"
Southern University and A & M College,5,Tenth,"G. Leon Netterville Drive, Baton Rouge, LA 70813-0001"
University of Kansas,5,Tenth,"230 Strong Hall 1450 Jayhawk Blvd., Lawrence, KS 66045-7535"
University of Oklahoma,5,Tenth,"660 Parrington Oval, Room 110, Norman, OK 73019"
University of Utah,5,Tenth,"201 Presidents Circle, Salt Lake City, UT 84112-9008"
University of Michigan,4,Tenth,"2074 Fleming Administration Building, Ann Arbor, MI 48109-1340"
Montana State University,3,Tenth,"Culbertson Hall, 100, Bozeman, MT 59717"
Washburn University,3,Tenth,"1700 SW College Avenue, Topeka, KS 66621-0001"
Washington University in St. Louis,3,Tenth,"One Brookings Dr, Saint Louis, MO 63130"
Yale University,3,Tenth,"105 Wall Street, New Haven, CT 06520"
Columbia University,2,Tenth,"535 West 116th Street, New York, NY 10027"
Stanford University,2,Tenth,"450 Serra Mall, Stanford, CA 94305-2061"
University of Oxford,2,Tenth,
Adams State University,1,Tenth,"208 Edgemont Blvd, Alamosa, CO 81102"
Brigham Young University,1,Tenth,"Main Campus, Provo, UT 84602"
Creighton University,1,Tenth,"2500 California Plaza, Omaha, NE 68178"
Fordham University,1,Tenth,"441 E Fordham Rd, Bronx, NY 10458"
Georgetown University,1,Tenth,"37th and O St NW, Washington, DC 20057"
Michigan State University,1,Tenth,"450 Administration Bldg., East Lansing, MI 48824-1046"
New Mexico Military Institute,1,Tenth,"101 W.  College Blvd., Roswell, NM 88201-5173"
Northwestern University,1,Tenth,"633 Clark St, Evanston, IL 60208"
Smith College,1,Tenth,"College Hall 201, Northampton, MA 01063"
Texas Tech University,1,Tenth,"15th Street and Akron, P. O. Box 4219, MS 2019, Lubbock, TX 79409-5005"
University of Arizona,1,Tenth,"1401 E University, Tucson, AZ 85721-0066"
"University of California, Hastings College of the Law",1,Tenth,"200 McAllister St, San Francisco, CA 94102"
University of Nebraska,1,Tenth,"2504 9th Avenue, Kearney, NE 68849-1201"
University of New Mexico,1,Tenth,"University of New Mexico, Albuquerque, NM 87131"
University of Notre Dame,1,Tenth,"Main Building, Notre Dame, IN 46556"
Wake Forest University,1,Tenth,"1834 Wake Forest Road, Winston Salem, NC 27106"
"Westminster College, Fulton, Missouri",1,Tenth,"501 Westminster Ave, Fulton, MO 65251-1299"
Harvard University,25,Third,"Massachusetts Hall, Cambridge, MA 02138"
State University of New York at Buffalo,13,Third,"501 Capen Hall, Buffalo, NY 14260-1660"
University of Virginia,13,Third,"1827 University Avenue, Charlottesville, VA 22904"
Princeton University,10,Third,"One Nassau Hall, Princeton, NJ 08544-0015"
Temple University,10,Third,"1801 North Broad Street, Philadelphia, PA 19122-6096"
University of Maryland,9,Third,"Main Administration Building, College Park, MD 20742-0001"
Yale University,9,Third,"105 Wall Street, New Haven, CT 06520"
Duquesne University,8,Third,"Administration Bldg 600 Forbes Ave, Pittsburgh, PA 15282"
Columbia University,6,Third,"535 West 116th Street, New York, NY 10027"
Georgetown University,6,Third,"37th and O St NW, Washington, DC 20057"
Rutgers University,6,Third,"Old Queens Building, New Brunswick, NJ 08901-1281"
University of Pennsylvania,5,Third,"1 College Hall, Room 100, Philadelphia, PA 19104-6303"
University of Pittsburgh,5,Third,"4200 Fifth Ave, Pittsburgh, PA 15260"
Pennsylvania State University,3,Third,"201 Old Main Building, University Park, PA 16802-1589"
Crozer Theological Seminary,2,Third,"1100 Upland Ave, Chester, PA 19013"
Fordham University,2,Third,"441 E Fordham Rd, Bronx, NY 10458"
Hofstra University,2,Third,"100 Hofstra University, Hempstead, NY 11549"
Seton Hall University,2,Third,"400 South Orange Ave, South Orange, NJ 07079-2697"
Stanford University,2,Third,"450 Serra Mall, Stanford, CA 94305-2061"
University of Delaware,2,Third,"104 Hullihen Hall, Newark, DE 19716"
University of Michigan,2,Third,"2074 Fleming Administration Building, Ann Arbor, MI 48109-1340"
Amherst College,1,Third,"P.O. Box 5000, Amherst, MA 01002-5000"
Antioch College,1,Third,"One Morgan Place, Yellow Springs, OH 45387"
Brigham Young University,1,Third,"Main Campus, Provo, UT 84602"
Bucknell University,1,Third,"Dent Drive, Lewisburg, PA 17837"
Carleton College,1,Third,"One North College Street, Northfield, MN 55057-4001"
College of the Holy Cross,1,Third,"One College Street, 119 Fenwick Hall, Worcester, MA 01610-2395"
Cornell University,1,Third,"300 Day Hall, Ithaca, NY 14853"
Dartmouth College,1,Third,"207 Parkhurst Hall, Hanover, NH 03755"
Drake University,1,Third,"2507 University Ave, Des Moines, IA 50311-4505"
Drexel University,1,Third,"3141 Chestnut St, Philadelphia, PA 19104"
Franklin and Marshall College,1,Third,"College Ave, Lancaster, PA 17604-3003"
George Mason University,1,Third,"4400 University Dr, Fairfax, VA 22030-4444"
Gettysburg College,1,Third,"300 N Washington St, Gettysburg, PA 17325-1486"
Grove City College,1,Third,"100 Campus Dr, Grove City, PA 16127-2104"
Lehigh University,1,Third,"27 Memorial Drive West, Bethlehem, PA 18015"
Lycoming College,1,Third,"700 College Place, Williamsport, PA 17701-5192"
Moravian College,1,Third,"1200 Main St, Bethlehem, PA 18018-6650"
Mount Holyoke College,1,Third,"50 College Street, South Hadley, MA 01075-1496"
New York Law School,1,Third,"185 W. Broadway, New York, NY 10013-2960"
New York University,1,Third,"70 Washington Square South, New York, NY 10012-1091"
Smith College,1,Third,"College Hall 201, Northampton, MA 01063"
Southern Illinois University,1,Third,"Anthony Hall 116, Carbondale, IL 62901"
State University of New York at Cortland,1,Third,"PO Box 2000, Cortland, NY 13045-0900"
Syracuse University,1,Third,"Crouse Hinds Hall, Suite 600, Syracuse, NY 13244-2130"
Trinity College,1,Third,"300 Summit St, Hartford, CT 06106-3100"
Tufts University,1,Third,"Ballou Hall, 2nd Floor, Medford, MA 02155"
Tulane University,1,Third,"6823 Saint Charles Avenue, New Orleans, LA 70118-5698"
University of Dayton,1,Third,"300 College Pk, Dayton, OH 45469"
University of Maine,1,Third,"5703 Alumni Hall, Suite 200, Orono, ME 04469-5703"
University of Notre Dame,1,Third,"Main Building, Notre Dame, IN 46556"
University of Oxford,1,Third,
University of Scranton,1,Third,"800 Linden Street, Scranton, PA 18510-4501"
University of Southern California,1,Third,"University Park, Los Angeles, CA 90089-0012"
Villanova University,1,Third,"800 Lancaster Avenue, Villanova, PA 19085-1699"
Washington and Jefferson College,1,Third,"60 S Lincoln St, Washington, PA 15301-4801"
Wesleyan University,1,Third,"229High St, Middletown, CT 06459"
